ROW,LOC_X,LOC_Y,CAT
0,114.0,148.0,0
1,-7.0,0.0,4
2,-105.0,63.0,2
3,227.0,-16.0,5
4,91.0,246.0,0
5,70.0,58.0,4
6,122.0,235.0,0
7,-8.0,0.0,4
8,135.0,22.0,5
9,26.0,249.0,3
10,12.0,-3.0,4
11,-103.0,42.0,2
12,-127.0,230.0,1
13,-8.0,3.0,4
14,-11.0,3.0,4
15,56.0,186.0,3
16,-2.0,216.0,3
17,50.0,15.0,4
18,95.0,36.0,5
19,114.0,142.0,0
20,-116.0,12.0,2
21,-146.0,-11.0,2
22,-15.0,216.0,3
23,-235.0,14.0,2
24,-29.0,1.0,4
25,20.0,26.0,4
26,-23.0,7.0,4
27,-8.0,23.0,4
28,4.0,3.0,4
29,0.0,1.0,4
30,-117.0,23.0,2
31,26.0,53.0,4
32,0.0,1.0,4
33,-190.0,52.0,2
34,-2.0,26.0,4
35,-188.0,187.0,1
36,2.0,20.0,4
37,-4.0,23.0,4
38,-106.0,233.0,1
39,-19.0,8.0,4
40,20.0,14.0,4
41,-90.0,115.0,1
42,12.0,23.0,4
43,-142.0,83.0,2
44,-164.0,4.0,2
45,0.0,1.0,4
46,147.0,192.0,0
47,97.0,272.0,0
48,-18.0,9.0,4
49,-13.0,0.0,4
50,182.0,164.0,0
51,-89.0,19.0,2
52,-92.0,230.0,1
53,12.0,17.0,4
54,-57.0,11.0,4
55,-82.0,26.0,2
56,-70.0,112.0,1
57,4.0,69.0,4
58,-10.0,4.0,4
59,-15.0,4.0,4
60,-26.0,96.0,4
61,-190.0,45.0,2
62,-2.0,36.0,4
63,12.0,4.0,4
64,-4.0,-5.0,4
65,-35.0,15.0,4
66,-116.0,214.0,1
67,61.0,239.0,3
68,166.0,181.0,0
69,-16.0,12.0,4
70,-49.0,44.0,4
71,-87.0,146.0,1
72,-205.0,157.0,1
73,-32.0,15.0,4
74,-232.0,-13.0,2
75,241.0,0.0,5
76,-153.0,44.0,2
77,-120.0,227.0,1
78,-183.0,94.0,2
79,10.0,93.0,4
80,-10.0,0.0,4
81,9.0,1.0,4
82,-202.0,140.0,1
83,-190.0,153.0,1
84,-153.0,142.0,1
85,-48.0,34.0,4
86,42.0,7.0,4
87,-158.0,45.0,2
88,17.0,4.0,4
89,-38.0,170.0,3
90,-205.0,153.0,1
91,-23.0,1.0,4
92,-8.0,-2.0,4
93,-16.0,20.0,4
94,7.0,-2.0,4
95,220.0,140.0,5
96,141.0,162.0,0
97,-92.0,30.0,2
98,0.0,1.0,4
99,-2.0,12.0,4
100,69.0,45.0,4
101,0.0,-16.0,4
102,-4.0,-5.0,4
103,-7.0,11.0,4
104,147.0,201.0,0
105,0.0,1.0,4
106,-125.0,222.0,1
107,-98.0,127.0,1
108,-13.0,28.0,4
109,111.0,146.0,0
110,-37.0,26.0,4
111,-157.0,184.0,1
112,0.0,1.0,4
113,-105.0,217.0,1
114,-15.0,0.0,4
115,4.0,48.0,4
116,-11.0,3.0,4
117,234.0,22.0,5
118,1.0,0.0,4
119,62.0,55.0,4
120,-7.0,4.0,4
121,-32.0,41.0,4
122,29.0,173.0,3
123,26.0,246.0,3
124,110.0,224.0,0
125,0.0,1.0,4
126,-209.0,0.0,2
127,-215.0,146.0,1
128,6.0,0.0,4
129,-161.0,190.0,1
130,-119.0,83.0,2
131,2.0,0.0,4
132,97.0,246.0,0
133,4.0,3.0,4
134,-5.0,113.0,4
135,-71.0,9.0,4
136,1.0,1.0,4
137,133.0,205.0,0
138,143.0,239.0,0
139,0.0,1.0,4
140,-226.0,105.0,2
141,2.0,4.0,4
142,-45.0,72.0,4
143,4.0,0.0,4
144,-76.0,25.0,4
145,-130.0,209.0,1
146,-193.0,170.0,1
147,-183.0,50.0,2
148,162.0,99.0,5
149,136.0,108.0,5
150,-2.0,0.0,4
151,-7.0,-5.0,4
152,-11.0,9.0,4
153,4.0,0.0,4
154,-2.0,0.0,4
155,1.0,1.0,4
156,6.0,6.0,4
157,0.0,3.0,4
158,-139.0,37.0,2
159,140.0,222.0,0
160,122.0,45.0,5
161,42.0,37.0,4
162,0.0,1.0,4
163,0.0,4.0,4
164,-4.0,0.0,4
165,-147.0,203.0,1
166,4.0,260.0,3
167,83.0,41.0,5
168,119.0,118.0,5
169,-51.0,173.0,3
170,-40.0,42.0,4
171,-131.0,209.0,1
172,0.0,1.0,4
173,0.0,7.0,4
174,-10.0,12.0,4
175,64.0,250.0,3
176,-139.0,33.0,2
177,144.0,209.0,0
178,2.0,9.0,4
179,129.0,67.0,5
180,99.0,159.0,0
181,-152.0,91.0,2
182,-2.0,-3.0,4
183,-10.0,4.0,4
184,-130.0,219.0,1
185,-114.0,41.0,2
186,-147.0,48.0,2
187,2.0,7.0,4
188,-116.0,19.0,2
189,4.0,14.0,4
190,4.0,7.0,4
191,-5.0,7.0,4
192,-13.0,254.0,3
193,-149.0,9.0,2
194,-15.0,14.0,4
195,-24.0,-6.0,4
196,-11.0,4.0,4
197,110.0,168.0,0
198,64.0,258.0,3
199,-13.0,3.0,4
200,53.0,47.0,4
201,-56.0,19.0,4
202,17.0,249.0,3
203,-120.0,227.0,1
204,91.0,246.0,0
205,-78.0,31.0,2
206,-101.0,266.0,1
207,86.0,246.0,0
208,0.0,1.0,4
209,-40.0,1.0,4
210,-103.0,6.0,2
211,-172.0,97.0,2
212,26.0,-11.0,4
213,-191.0,-8.0,2
214,13.0,17.0,4
215,-128.0,222.0,1
216,0.0,-2.0,4
217,-7.0,33.0,4
218,-231.0,-3.0,2
219,-45.0,246.0,3
220,-10.0,1.0,4
221,-147.0,7.0,2
222,209.0,157.0,0
223,-26.0,74.0,4
224,-7.0,3.0,4
225,-114.0,37.0,2
226,4.0,-3.0,4
227,0.0,1.0,4
228,231.0,7.0,5
229,125.0,217.0,0
230,0.0,1.0,4
231,163.0,132.0,5
232,-59.0,26.0,4
233,-169.0,88.0,2
234,6.0,7.0,4
235,-8.0,0.0,4
236,37.0,159.0,3
237,-177.0,4.0,2
238,0.0,1.0,4
239,-128.0,217.0,1
240,-10.0,279.0,3
241,-81.0,97.0,2
242,-166.0,189.0,1
243,-232.0,3.0,2
244,78.0,172.0,0
245,-4.0,19.0,4
246,-235.0,7.0,2
247,-130.0,134.0,1
248,0.0,1.0,4
249,-41.0,255.0,3
250,119.0,418.0,0
251,-103.0,33.0,2
252,-11.0,11.0,4
253,-116.0,41.0,2
254,108.0,52.0,5
255,86.0,58.0,5
256,-136.0,74.0,2
257,6.0,11.0,4
258,0.0,1.0,4
259,-127.0,45.0,2
260,6.0,261.0,3
261,42.0,93.0,4
262,-150.0,22.0,2
263,102.0,11.0,5
264,168.0,-6.0,5
265,6.0,56.0,4
266,10.0,11.0,4
267,0.0,12.0,4
268,42.0,146.0,3
269,-7.0,14.0,4
270,-8.0,17.0,4
271,-7.0,30.0,4
272,-139.0,101.0,2
273,-130.0,0.0,2
274,146.0,44.0,5
275,-213.0,-22.0,2
276,12.0,134.0,3
277,48.0,17.0,4
278,-168.0,178.0,1
279,0.0,6.0,4
280,-2.0,12.0,4
281,-128.0,219.0,1
282,-30.0,61.0,4
283,-56.0,56.0,4
284,163.0,-10.0,5
285,94.0,233.0,0
286,1.0,12.0,4
287,-2.0,3.0,4
288,143.0,241.0,0
289,-68.0,113.0,1
290,-5.0,6.0,4
291,18.0,19.0,4
292,-90.0,56.0,2
293,146.0,211.0,0
294,111.0,313.0,0
295,10.0,22.0,4
296,18.0,17.0,4
297,-141.0,220.0,1
298,127.0,225.0,0
299,17.0,7.0,4
300,6.0,11.0,4
301,136.0,26.0,5
302,151.0,219.0,0
303,0.0,1.0,4
304,-78.0,44.0,2
305,165.0,203.0,0
306,15.0,56.0,4
307,-2.0,205.0,3
308,26.0,11.0,4
309,1.0,197.0,3
310,228.0,82.0,5
311,24.0,14.0,4
312,174.0,101.0,5
313,0.0,1.0,4
314,-101.0,173.0,1
315,-89.0,89.0,2
316,-18.0,14.0,4
317,-172.0,205.0,1
318,239.0,6.0,5
319,0.0,296.0,3
320,-34.0,0.0,4
321,61.0,14.0,4
322,-52.0,194.0,3
323,-37.0,1.0,4
324,-111.0,227.0,1
325,171.0,-10.0,5
326,157.0,189.0,0
327,125.0,154.0,0
328,-16.0,4.0,4
329,9.0,39.0,4
330,106.0,39.0,5
331,-34.0,58.0,4
332,-27.0,134.0,3
333,125.0,134.0,0
334,-18.0,3.0,4
335,-177.0,-8.0,2
336,0.0,255.0,3
337,18.0,11.0,4
338,12.0,37.0,4
339,147.0,129.0,5
340,-131.0,129.0,1
341,2.0,-3.0,4
342,0.0,11.0,4
343,-2.0,60.0,4
344,155.0,26.0,5
345,0.0,14.0,4
346,-7.0,127.0,3
347,-78.0,31.0,2
348,211.0,137.0,5
349,155.0,7.0,5
350,13.0,4.0,4
351,-7.0,69.0,4
352,-81.0,241.0,3
353,-46.0,52.0,4
354,28.0,167.0,3
355,-131.0,34.0,2
356,94.0,44.0,5
357,12.0,-5.0,4
358,241.0,0.0,5
359,2.0,255.0,3
360,45.0,69.0,4
361,-5.0,260.0,3
362,0.0,1.0,4
363,-19.0,7.0,4
364,-123.0,58.0,2
365,15.0,19.0,4
366,-147.0,7.0,2
367,-119.0,118.0,1
368,-117.0,157.0,1
369,0.0,1.0,4
370,9.0,17.0,4
371,-163.0,121.0,1
372,-18.0,9.0,4
373,23.0,9.0,4
374,-158.0,145.0,1
375,-2.0,9.0,4
376,1.0,17.0,4
377,-21.0,6.0,4
378,43.0,151.0,3
379,146.0,164.0,0
380,-139.0,82.0,2
381,-166.0,104.0,2
382,-182.0,167.0,1
383,118.0,235.0,0
384,94.0,148.0,0
385,-122.0,123.0,1
386,-16.0,4.0,4
387,-26.0,257.0,3
388,-168.0,11.0,2
389,-18.0,4.0,4
390,7.0,11.0,4
391,53.0,205.0,3
392,1.0,6.0,4
393,67.0,190.0,0
394,-70.0,260.0,3
395,0.0,1.0,4
396,-26.0,149.0,3
397,-168.0,72.0,2
398,-8.0,15.0,4
399,-160.0,75.0,2
400,-152.0,31.0,2
401,28.0,211.0,3
402,95.0,112.0,5
403,-146.0,60.0,2
404,18.0,257.0,3
405,143.0,135.0,0
406,2.0,31.0,4
407,-8.0,1.0,4
408,-5.0,0.0,4
409,4.0,3.0,4
410,10.0,-2.0,4
411,-188.0,0.0,2
412,-30.0,250.0,3
413,0.0,1.0,4
414,-204.0,189.0,1
415,6.0,1.0,4
416,-16.0,15.0,4
417,-8.0,4.0,4
418,-131.0,131.0,1
419,-15.0,194.0,3
420,18.0,6.0,4
421,-2.0,7.0,4
422,-155.0,97.0,2
423,228.0,25.0,5
424,-11.0,0.0,4
425,1.0,1.0,4
426,176.0,200.0,0
427,1.0,1.0,4
428,0.0,1.0,4
429,36.0,0.0,4
430,-106.0,142.0,1
431,24.0,19.0,4
432,2.0,41.0,4
433,-106.0,36.0,2
434,0.0,12.0,4
435,-152.0,52.0,2
436,4.0,254.0,3
437,4.0,0.0,4
438,-119.0,227.0,1
439,162.0,31.0,5
440,-150.0,195.0,1
441,-185.0,-2.0,2
442,233.0,-13.0,5
443,-147.0,219.0,1
444,0.0,1.0,4
445,-191.0,104.0,2
446,6.0,0.0,4
447,181.0,183.0,0
448,10.0,1.0,4
449,100.0,239.0,0
450,21.0,208.0,3
451,0.0,1.0,4
452,0.0,4.0,4
453,-84.0,56.0,2
454,0.0,1.0,4
455,0.0,83.0,4
456,0.0,85.0,4
457,-120.0,60.0,2
458,-235.0,-6.0,2
459,2.0,14.0,4
460,0.0,33.0,4
461,-2.0,11.0,4
462,0.0,-2.0,4
463,99.0,233.0,0
464,-5.0,252.0,3
465,-161.0,67.0,2
466,-59.0,244.0,3
467,122.0,276.0,0
468,-116.0,304.0,1
469,182.0,172.0,0
470,-193.0,162.0,1
471,-2.0,11.0,4
472,23.0,0.0,4
473,6.0,249.0,3
474,-109.0,143.0,1
475,-228.0,58.0,2
476,-188.0,159.0,1
477,-182.0,7.0,2
478,-11.0,1.0,4
479,-114.0,134.0,1
480,0.0,1.0,4
481,-198.0,148.0,1
482,122.0,217.0,0
483,0.0,1.0,4
484,-205.0,189.0,1
485,-196.0,192.0,1
486,-155.0,48.0,2
487,4.0,-3.0,4
488,166.0,66.0,5
489,-130.0,31.0,2
490,122.0,124.0,5
491,152.0,213.0,0
492,-5.0,19.0,4
493,-21.0,12.0,4
494,-5.0,6.0,4
495,2.0,293.0,3
496,-174.0,200.0,1
497,1.0,1.0,4
498,-82.0,244.0,3
499,0.0,1.0,4
500,138.0,124.0,5
501,-46.0,42.0,4
502,106.0,138.0,0
503,69.0,12.0,4
504,-16.0,306.0,3
505,2.0,9.0,4
506,-56.0,30.0,4
507,133.0,82.0,5
508,65.0,25.0,4
509,-193.0,183.0,1
510,-158.0,48.0,2
511,-164.0,213.0,1
512,-239.0,97.0,2
513,102.0,138.0,0
514,10.0,4.0,4
515,177.0,337.0,0
516,-194.0,167.0,1
517,-116.0,71.0,2
518,-199.0,58.0,2
519,-4.0,-2.0,4
520,106.0,48.0,5
521,31.0,82.0,4
522,2.0,15.0,4
523,-68.0,42.0,4
524,-172.0,184.0,1
525,89.0,230.0,0
526,0.0,1.0,4
527,17.0,-3.0,4
528,182.0,219.0,0
529,-213.0,137.0,1
530,-56.0,244.0,3
531,-19.0,3.0,4
532,-10.0,9.0,4
533,0.0,1.0,4
534,-194.0,142.0,1
535,0.0,1.0,4
536,13.0,3.0,4
537,-16.0,1.0,4
538,-177.0,165.0,1
539,-11.0,3.0,4
540,215.0,135.0,5
541,-15.0,0.0,4
542,-131.0,216.0,1
543,-5.0,285.0,3
544,9.0,7.0,4
545,-179.0,72.0,2
546,-207.0,138.0,1
547,-24.0,44.0,4
548,13.0,11.0,4
549,-8.0,12.0,4
550,0.0,1.0,4
551,17.0,148.0,3
552,144.0,195.0,0
553,77.0,244.0,0
554,-15.0,9.0,4
555,102.0,225.0,0
556,147.0,208.0,0
557,179.0,201.0,0
558,-38.0,23.0,4
559,-95.0,265.0,1
560,-177.0,52.0,2
561,110.0,230.0,0
562,-11.0,15.0,4
563,-92.0,14.0,2
564,108.0,129.0,0
565,0.0,12.0,4
566,-157.0,213.0,1
567,-11.0,7.0,4
568,18.0,3.0,4
569,-32.0,249.0,3
570,100.0,190.0,0
571,-221.0,121.0,1
572,127.0,116.0,5
573,-5.0,195.0,3
574,-35.0,1.0,4
575,1.0,17.0,4
576,0.0,1.0,4
577,-19.0,9.0,4
578,-108.0,137.0,1
579,-232.0,61.0,2
580,7.0,25.0,4
581,-120.0,235.0,1
582,-24.0,15.0,4
583,203.0,170.0,0
584,89.0,44.0,5
585,218.0,129.0,5
586,1.0,208.0,3
587,176.0,201.0,0
588,-142.0,131.0,1
589,166.0,99.0,5
590,102.0,67.0,5
591,2.0,-6.0,4
592,-213.0,142.0,1
593,1.0,-2.0,4
594,-2.0,-11.0,4
595,-70.0,63.0,2
596,135.0,96.0,5
597,-79.0,235.0,3
598,70.0,56.0,4
599,-2.0,1.0,4
600,0.0,-8.0,4
601,0.0,12.0,4
602,147.0,197.0,0
603,-142.0,164.0,1
604,-133.0,50.0,2
605,-123.0,28.0,2
606,-134.0,14.0,2
607,-76.0,135.0,1
608,176.0,129.0,5
609,2.0,15.0,4
610,108.0,25.0,5
611,133.0,-30.0,5
612,-5.0,-8.0,4
613,-95.0,127.0,1
614,217.0,131.0,5
615,-8.0,0.0,4
616,-81.0,39.0,2
617,-4.0,-8.0,4
618,-15.0,45.0,4
619,0.0,1.0,4
620,-64.0,189.0,3
621,223.0,127.0,5
622,0.0,1.0,4
623,75.0,53.0,5
624,65.0,31.0,4
625,-7.0,56.0,4
626,-171.0,17.0,2
627,29.0,33.0,4
628,-16.0,15.0,4
629,-45.0,242.0,3
630,1.0,1.0,4
631,-2.0,50.0,4
632,-30.0,45.0,4
633,-2.0,-2.0,4
634,9.0,0.0,4
635,0.0,1.0,4
636,0.0,1.0,4
637,2.0,1.0,4
638,225.0,-5.0,5
639,-112.0,219.0,1
640,-157.0,205.0,1
641,146.0,77.0,5
642,-5.0,4.0,4
643,-97.0,37.0,2
644,78.0,116.0,5
645,1.0,6.0,4
646,-2.0,12.0,4
647,-5.0,-2.0,4
648,-194.0,26.0,2
649,6.0,0.0,4
650,4.0,94.0,4
651,0.0,3.0,4
652,1.0,4.0,4
653,-164.0,143.0,1
654,-10.0,75.0,4
655,110.0,235.0,0
656,0.0,-3.0,4
657,-147.0,0.0,2
658,-2.0,0.0,4
659,-229.0,-10.0,2
660,-169.0,200.0,1
661,-146.0,6.0,2
662,-109.0,236.0,1
663,230.0,14.0,5
664,146.0,261.0,0
665,89.0,187.0,0
666,89.0,39.0,5
667,-144.0,-13.0,2
668,1.0,3.0,4
669,0.0,1.0,4
670,78.0,4.0,4
671,-51.0,15.0,4
672,-48.0,26.0,4
673,0.0,-2.0,4
674,1.0,1.0,4
675,7.0,1.0,4
676,0.0,-8.0,4
677,231.0,77.0,5
678,-2.0,39.0,4
679,-57.0,20.0,4
680,-8.0,3.0,4
681,129.0,112.0,5
682,-2.0,0.0,4
683,-122.0,242.0,1
684,67.0,66.0,4
685,78.0,142.0,0
686,176.0,192.0,0
687,-112.0,231.0,1
688,143.0,45.0,5
689,0.0,1.0,4
690,0.0,6.0,4
691,-34.0,25.0,4
692,0.0,1.0,4
693,-128.0,36.0,2
694,226.0,3.0,5
695,-7.0,17.0,4
696,0.0,1.0,4
697,-45.0,134.0,3
698,-139.0,127.0,1
699,105.0,235.0,0
700,-5.0,4.0,4
701,72.0,37.0,4
702,-70.0,151.0,1
703,-120.0,48.0,2
704,-111.0,225.0,1
705,4.0,0.0,4
706,13.0,-8.0,4
707,-187.0,214.0,1
708,-11.0,61.0,4
709,-19.0,56.0,4
710,10.0,17.0,4
711,-15.0,-6.0,4
712,0.0,3.0,4
713,0.0,291.0,3
714,6.0,6.0,4
715,147.0,19.0,5
716,-163.0,102.0,2
717,-152.0,44.0,2
718,0.0,9.0,4
719,-146.0,216.0,1
720,-158.0,203.0,1
721,10.0,11.0,4
722,214.0,145.0,5
723,144.0,162.0,0
724,-95.0,110.0,2
725,-67.0,242.0,3
726,124.0,164.0,0
727,0.0,1.0,4
728,226.0,19.0,5
729,-95.0,247.0,1
730,83.0,203.0,0
731,-164.0,197.0,1
732,170.0,26.0,5
733,23.0,254.0,3
734,-218.0,140.0,1
735,0.0,1.0,4
736,-5.0,211.0,3
737,1.0,12.0,4
738,-98.0,156.0,1
739,2.0,12.0,4
740,-4.0,-3.0,4
741,130.0,183.0,0
742,62.0,55.0,4
743,-127.0,115.0,1
744,-127.0,77.0,2
745,-15.0,231.0,3
746,-45.0,176.0,3
747,-120.0,220.0,1
748,0.0,1.0,4
749,111.0,242.0,0
750,231.0,12.0,5
751,0.0,1.0,4
752,0.0,1.0,4
753,-89.0,33.0,2
754,-90.0,50.0,2
755,1.0,0.0,4
756,0.0,1.0,4
757,-8.0,6.0,4
758,140.0,206.0,0
759,0.0,1.0,4
760,-158.0,-5.0,2
761,-35.0,134.0,3
762,-125.0,-5.0,2
763,6.0,-2.0,4
764,-30.0,11.0,4
765,-13.0,15.0,4
766,28.0,3.0,4
767,-21.0,0.0,4
768,179.0,184.0,0
769,29.0,1.0,4
770,-185.0,6.0,2
771,-2.0,22.0,4
772,4.0,131.0,3
773,-120.0,15.0,2
774,36.0,47.0,4
775,36.0,194.0,3
776,-98.0,160.0,1
777,-130.0,208.0,1
778,6.0,7.0,4
779,-149.0,75.0,2
780,124.0,108.0,5
781,-134.0,228.0,1
782,0.0,1.0,4
783,-231.0,123.0,1
784,-7.0,132.0,3
785,-7.0,71.0,4
786,37.0,64.0,4
787,51.0,183.0,3
788,-24.0,22.0,4
789,108.0,224.0,0
790,-234.0,402.0,1
791,-127.0,214.0,1
792,-191.0,-2.0,2
793,176.0,108.0,5
794,-150.0,194.0,1
795,100.0,258.0,0
796,-65.0,277.0,3
797,170.0,201.0,0
798,-134.0,28.0,2
799,-40.0,26.0,4
800,-32.0,12.0,4
801,-108.0,48.0,2
802,0.0,1.0,4
803,2.0,0.0,4
804,54.0,42.0,4
805,-13.0,-5.0,4
806,0.0,1.0,4
807,-2.0,6.0,4
808,-179.0,206.0,1
809,-40.0,44.0,4
810,95.0,44.0,5
811,-133.0,257.0,1
812,-7.0,-3.0,4
813,9.0,213.0,3
814,-119.0,230.0,1
815,171.0,361.0,0
816,-10.0,211.0,3
817,17.0,4.0,4
818,-116.0,228.0,1
819,-119.0,242.0,1
820,2.0,214.0,3
821,-23.0,0.0,4
822,-62.0,282.0,3
823,-7.0,15.0,4
824,-97.0,178.0,1
825,147.0,55.0,5
826,84.0,192.0,0
827,121.0,168.0,0
828,-98.0,238.0,1
829,-16.0,279.0,3
830,-19.0,6.0,4
831,10.0,11.0,4
832,-105.0,25.0,2
833,-161.0,63.0,2
834,92.0,239.0,0
835,163.0,216.0,0
836,47.0,45.0,4
837,6.0,9.0,4
838,88.0,239.0,0
839,1.0,211.0,3
840,-75.0,211.0,3
841,-101.0,236.0,1
842,0.0,1.0,4
843,-144.0,151.0,1
844,0.0,1.0,4
845,0.0,-13.0,4
846,-82.0,168.0,1
847,-136.0,22.0,2
848,-37.0,115.0,4
849,70.0,69.0,5
850,39.0,14.0,4
851,-116.0,255.0,1
852,15.0,197.0,3
853,0.0,1.0,4
854,-87.0,271.0,3
855,-54.0,269.0,3
856,-149.0,254.0,1
857,222.0,142.0,5
858,179.0,135.0,5
859,72.0,132.0,0
860,32.0,56.0,4
861,50.0,45.0,4
862,-19.0,1.0,4
863,-130.0,15.0,2
864,0.0,1.0,4
865,-5.0,-8.0,4
866,-93.0,121.0,1
867,141.0,74.0,5
868,0.0,1.0,4
869,160.0,208.0,0
870,-146.0,203.0,1
871,-112.0,194.0,1
872,206.0,145.0,5
873,-15.0,1.0,4
874,40.0,14.0,4
875,179.0,377.0,0
876,37.0,47.0,4
877,-234.0,19.0,2
878,0.0,1.0,4
879,190.0,178.0,0
880,24.0,-5.0,4
881,0.0,7.0,4
882,-122.0,230.0,1
883,31.0,25.0,4
884,0.0,1.0,4
885,84.0,198.0,0
886,18.0,6.0,4
887,125.0,277.0,0
888,223.0,127.0,5
889,31.0,26.0,4
890,179.0,89.0,5
891,-4.0,4.0,4
892,-103.0,257.0,1
893,-4.0,6.0,4
894,84.0,254.0,0
895,0.0,63.0,4
896,-4.0,48.0,4
897,0.0,-3.0,4
898,-10.0,-2.0,4
899,-8.0,1.0,4
900,-152.0,134.0,1
901,-103.0,227.0,1
902,1.0,6.0,4
903,149.0,197.0,0
904,192.0,101.0,5
905,-138.0,214.0,1
906,-169.0,45.0,2
907,-163.0,187.0,1
908,7.0,301.0,3
909,9.0,14.0,4
910,-4.0,156.0,3
911,-163.0,201.0,1
912,-112.0,233.0,1
913,189.0,178.0,0
914,0.0,1.0,4
915,37.0,26.0,4
916,-171.0,124.0,1
917,-142.0,88.0,2
918,20.0,56.0,4
919,138.0,222.0,0
920,-4.0,0.0,4
921,-48.0,67.0,4
922,18.0,-2.0,4
923,0.0,1.0,4
924,-122.0,213.0,1
925,127.0,209.0,0
926,17.0,3.0,4
927,2.0,263.0,3
928,0.0,1.0,4
929,-34.0,37.0,4
930,0.0,110.0,4
931,23.0,-5.0,4
932,-27.0,22.0,4
933,-8.0,-6.0,4
934,-201.0,167.0,1
935,-8.0,105.0,4
936,-139.0,208.0,1
937,154.0,195.0,0
938,77.0,175.0,0
939,-112.0,154.0,1
940,165.0,194.0,0
941,111.0,220.0,0
942,15.0,0.0,4
943,9.0,93.0,4
944,143.0,113.0,5
945,127.0,224.0,0
946,17.0,11.0,4
947,-128.0,170.0,1
948,-194.0,153.0,1
949,2.0,-6.0,4
950,0.0,230.0,3
951,20.0,7.0,4
952,-93.0,235.0,1
953,10.0,6.0,4
954,17.0,244.0,3
955,-152.0,17.0,2
956,-144.0,31.0,2
957,9.0,7.0,4
958,-120.0,53.0,2
959,-202.0,72.0,2
960,125.0,9.0,5
961,-4.0,1.0,4
962,-98.0,34.0,2
963,-194.0,80.0,2
964,34.0,26.0,4
965,0.0,4.0,4
966,0.0,6.0,4
967,118.0,118.0,5
968,-86.0,28.0,2
969,-7.0,14.0,4
970,7.0,405.0,3
971,-117.0,4.0,2
972,4.0,-5.0,4
973,0.0,-19.0,4
974,-2.0,22.0,4
975,125.0,119.0,5
976,-29.0,12.0,4
977,133.0,66.0,5
978,-89.0,45.0,2
979,-35.0,8.0,4
980,230.0,1.0,5
981,-79.0,266.0,3
982,17.0,15.0,4
983,50.0,58.0,4
984,9.0,15.0,4
985,228.0,1.0,5
986,-235.0,6.0,2
987,-149.0,11.0,2
988,-24.0,6.0,4
989,0.0,1.0,4
990,0.0,1.0,4
991,198.0,160.0,0
992,-177.0,173.0,1
993,24.0,0.0,4
994,157.0,31.0,5
995,-157.0,148.0,1
996,0.0,1.0,4
997,-229.0,67.0,2
998,-35.0,22.0,4
999,-7.0,0.0,4
1000,-131.0,53.0,2
1001,20.0,0.0,4
1002,0.0,1.0,4
1003,-147.0,7.0,2
1004,-207.0,146.0,1
1005,-62.0,241.0,3
1006,-73.0,231.0,3
1007,-8.0,22.0,4
1008,108.0,186.0,0
1009,0.0,12.0,4
1010,239.0,25.0,5
1011,-81.0,31.0,2
1012,-187.0,94.0,2
1013,6.0,11.0,4
1014,-112.0,233.0,1
1015,-29.0,258.0,3
1016,-4.0,-3.0,4
1017,154.0,56.0,5
1018,143.0,213.0,0
1019,10.0,71.0,4
1020,-19.0,15.0,4
1021,-5.0,56.0,4
1022,-30.0,250.0,3
1023,-223.0,26.0,2
1024,0.0,6.0,4
1025,17.0,22.0,4
1026,9.0,26.0,4
1027,-131.0,15.0,2
1028,147.0,219.0,0
1029,-133.0,211.0,1
1030,-16.0,214.0,3
1031,12.0,19.0,4
1032,0.0,1.0,4
1033,9.0,12.0,4
1034,-86.0,255.0,3
1035,-235.0,26.0,2
1036,-93.0,244.0,1
1037,15.0,11.0,4
1038,-27.0,12.0,4
1039,170.0,74.0,5
1040,-128.0,217.0,1
1041,0.0,1.0,4
1042,-101.0,179.0,1
1043,-15.0,216.0,3
1044,-51.0,31.0,4
1045,45.0,154.0,3
1046,124.0,108.0,5
1047,-171.0,198.0,1
1048,160.0,121.0,5
1049,144.0,50.0,5
1050,146.0,200.0,0
1051,-111.0,233.0,1
1052,-8.0,0.0,4
1053,-38.0,3.0,4
1054,-97.0,3.0,2
1055,-141.0,198.0,1
1056,176.0,186.0,0
1057,0.0,1.0,4
1058,-84.0,261.0,3
1059,10.0,17.0,4
1060,9.0,20.0,4
1061,113.0,230.0,0
1062,-5.0,42.0,4
1063,56.0,99.0,4
1064,17.0,17.0,4
1065,0.0,1.0,4
1066,43.0,85.0,4
1067,54.0,183.0,3
1068,0.0,1.0,4
1069,-229.0,37.0,2
1070,67.0,149.0,0
1071,-95.0,78.0,2
1072,0.0,126.0,3
1073,75.0,231.0,0
1074,-10.0,3.0,4
1075,67.0,235.0,0
1076,-10.0,246.0,3
1077,20.0,151.0,3
1078,15.0,17.0,4
1079,-116.0,219.0,1
1080,231.0,14.0,5
1081,-152.0,108.0,2
1082,-7.0,25.0,4
1083,18.0,0.0,4
1084,0.0,1.0,4
1085,-217.0,137.0,1
1086,-130.0,208.0,1
1087,-242.0,1.0,2
1088,0.0,1.0,4
1089,0.0,1.0,4
1090,141.0,209.0,0
1091,-160.0,45.0,2
1092,-187.0,3.0,2
1093,-100.0,41.0,2
1094,-11.0,4.0,4
1095,-231.0,108.0,2
1096,0.0,1.0,4
1097,-117.0,224.0,1
1098,97.0,42.0,5
1099,-164.0,58.0,2
1100,-136.0,211.0,1
1101,-49.0,37.0,4
1102,-4.0,28.0,4
1103,-103.0,30.0,2
1104,-158.0,42.0,2
1105,65.0,60.0,4
1106,-103.0,37.0,2
1107,10.0,1.0,4
1108,64.0,83.0,4
1109,178.0,42.0,5
1110,70.0,67.0,4
1111,-139.0,219.0,1
1112,4.0,3.0,4
1113,-7.0,1.0,4
1114,125.0,75.0,5
1115,174.0,173.0,0
1116,-43.0,60.0,4
1117,-15.0,63.0,4
1118,69.0,190.0,0
1119,-7.0,91.0,4
1120,72.0,36.0,4
1121,230.0,12.0,5
1122,-150.0,214.0,1
1123,100.0,63.0,5
1124,1.0,6.0,4
1125,-75.0,56.0,2
1126,73.0,80.0,5
1127,130.0,219.0,0
1128,95.0,247.0,0
1129,0.0,1.0,4
1130,6.0,1.0,4
1131,-194.0,19.0,2
1132,-199.0,168.0,1
1133,200.0,170.0,0
1134,1.0,1.0,4
1135,-15.0,0.0,4
1136,0.0,1.0,4
1137,-5.0,12.0,4
1138,6.0,4.0,4
1139,15.0,28.0,4
1140,-70.0,14.0,4
1141,0.0,1.0,4
1142,-158.0,220.0,1
1143,-138.0,217.0,1
1144,0.0,1.0,4
1145,-150.0,48.0,2
1146,-26.0,115.0,4
1147,13.0,-2.0,4
1148,2.0,15.0,4
1149,0.0,1.0,4
1150,159.0,206.0,0
1151,-190.0,190.0,1
1152,0.0,33.0,4
1153,-147.0,113.0,2
1154,-169.0,184.0,1
1155,146.0,208.0,0
1156,-131.0,138.0,1
1157,-224.0,-5.0,2
1158,136.0,119.0,5
1159,-7.0,-5.0,4
1160,152.0,53.0,5
1161,-15.0,1.0,4
1162,15.0,-6.0,4
1163,4.0,228.0,3
1164,-18.0,244.0,3
1165,160.0,227.0,0
1166,-139.0,203.0,1
1167,12.0,0.0,4
1168,10.0,-17.0,4
1169,165.0,176.0,0
1170,-183.0,1.0,2
1171,62.0,216.0,0
1172,67.0,238.0,0
1173,29.0,0.0,4
1174,10.0,-3.0,4
1175,0.0,1.0,4
1176,-7.0,17.0,4
1177,-98.0,42.0,2
1178,0.0,1.0,4
1179,0.0,1.0,4
1180,-127.0,63.0,2
1181,226.0,7.0,5
1182,99.0,66.0,5
1183,13.0,25.0,4
1184,-179.0,190.0,1
1185,-29.0,249.0,3
1186,4.0,3.0,4
1187,158.0,80.0,5
1188,-138.0,146.0,1
1189,-26.0,53.0,4
1190,-245.0,88.0,2
1191,0.0,1.0,4
1192,26.0,17.0,4
1193,0.0,15.0,4
1194,-4.0,-3.0,4
1195,-188.0,89.0,2
1196,-11.0,15.0,4
1197,47.0,66.0,4
1198,-16.0,17.0,4
1199,108.0,23.0,5
1200,125.0,69.0,5
1201,-37.0,47.0,4
1202,-45.0,48.0,4
1203,-138.0,19.0,2
1204,-62.0,33.0,4
1205,-157.0,17.0,2
1206,-8.0,373.0,3
1207,-90.0,230.0,1
1208,-136.0,11.0,2
1209,-112.0,105.0,2
1210,1.0,1.0,4
1211,-24.0,184.0,3
1212,10.0,6.0,4
1213,-4.0,17.0,4
1214,1.0,14.0,4
1215,-5.0,4.0,4
1216,-217.0,129.0,1
1217,-8.0,36.0,4
1218,61.0,250.0,3
1219,1.0,1.0,4
1220,12.0,-2.0,4
1221,13.0,7.0,4
1222,116.0,74.0,5
1223,12.0,-10.0,4
1224,40.0,131.0,3
1225,-136.0,3.0,2
1226,-29.0,254.0,3
1227,0.0,1.0,4
1228,4.0,1.0,4
1229,-38.0,225.0,3
1230,1.0,1.0,4
1231,-130.0,36.0,2
1232,-119.0,157.0,1
1233,-160.0,-5.0,2
1234,-161.0,224.0,1
1235,0.0,1.0,4
1236,212.0,129.0,5
1237,0.0,1.0,4
1238,-27.0,4.0,4
1239,162.0,52.0,5
1240,0.0,1.0,4
1241,-234.0,80.0,2
1242,-5.0,11.0,4
1243,0.0,1.0,4
1244,230.0,12.0,5
1245,-108.0,-3.0,2
1246,-163.0,48.0,2
1247,143.0,203.0,0
1248,-147.0,36.0,2
1249,-35.0,55.0,4
1250,-131.0,208.0,1
1251,-8.0,12.0,4
1252,-27.0,60.0,4
1253,0.0,72.0,4
1254,230.0,53.0,5
1255,-166.0,115.0,2
1256,0.0,-3.0,4
1257,173.0,214.0,0
1258,-180.0,205.0,1
1259,0.0,1.0,4
1260,-16.0,-5.0,4
1261,144.0,214.0,0
1262,-146.0,64.0,2
1263,-15.0,0.0,4
1264,1.0,-2.0,4
1265,-111.0,66.0,2
1266,23.0,26.0,4
1267,1.0,9.0,4
1268,-138.0,12.0,2
1269,192.0,175.0,0
1270,-108.0,225.0,1
1271,-5.0,3.0,4
1272,-150.0,211.0,1
1273,-43.0,203.0,3
1274,190.0,118.0,5
1275,-141.0,213.0,1
1276,-116.0,168.0,1
1277,-48.0,61.0,4
1278,-199.0,77.0,2
